{"cameraMode":{"drawMode":0,"name":"Shaded","section":"Shading Mode"},"sceneLighting":false,"audioPlay":false,"sceneViewState":{"showFog":true,"showMaterialUpdate":false,"showSkybox":false,"showFlares":true,"showImageEffects":true,"showParticleSystems":true},"in2DMode":false,"pivot":{"x":3.8000001907348635,"y":3.990000009536743,"z":0.0},"rotation":{"x":0.07492971420288086,"y":-0.0014957968378439546,"z":0.00011238971637794748,"w":0.9971885681152344},"size":1.8224855661392213,"orthographic":true}